filename,label
1637047763633.jpg,11
1637047785967.jpg,12
1637047785977.jpg,12
1637047785986.jpg,13
1637047785995.jpg,13
1637047852206.jpg,14
1637047852215.jpg,14
1637130945459.jpg,17
1637130945469.jpg,17
1637130945478.jpg,16
1637130945488.jpg,16
1637130945503.jpg,15
1637130945513.jpg,15
1637131096349.jpg,30
1637131096360.jpg,30
1637131096368.jpg,29
1637131096378.jpg,29
1637131096387.jpg,28
1637131096396.jpg,28
1637131096405.jpg,27
1637131096414.jpg,27
1637131096424.jpg,26
1637131096432.jpg,26
1637131096440.jpg,25
1637131096447.jpg,25
1637131096456.jpg,24
1637131096463.jpg,24
1637131096472.jpg,23
1637131096479.jpg,23
1637131096488.jpg,22
1637131096495.jpg,22
1637131096503.jpg,21
1637131096511.jpg,21
1637131096520.jpg,20
1637131096528.jpg,20
1637131096535.jpg,19
1637131096543.jpg,19
1637131096550.jpg,18
1637131096558.jpg,18
1637134207825.jpg,40
1637134207834.jpg,40
1637134207845.jpg,39
1637134207854.jpg,39
1637134207864.jpg,38
1637134207873.jpg,38
1637134207882.jpg,37
1637134207890.jpg,37
1637134207899.jpg,36
1637134207907.jpg,36
1637134207916.jpg,35
1637134207924.jpg,35
1637134207933.jpg,34
1637134207941.jpg,34
1637134207950.jpg,33
1637134207959.jpg,33
1637134207968.jpg,32
1637134207977.jpg,32
1637134207985.jpg,31
1637134207993.jpg,31
1637135050246.jpg,50
1637135050258.jpg,50
1637135050269.jpg,49
1637135050280.jpg,49
1637135050291.jpg,48
1637135050302.jpg,48
1637135050313.jpg,47
1637135050324.jpg,47
1637135050335.jpg,46
1637135050346.jpg,46
1637135050357.jpg,45
1637135050367.jpg,45
1637135050377.jpg,44
1637135050386.jpg,44
1637135050396.jpg,43
1637135050405.jpg,43
1637135050415.jpg,42
1637135050424.jpg,42
1637135050434.jpg,41
1637135050444.jpg,41
1637135382767.jpg,55
1637135382777.jpg,55
1637135382786.jpg,54
1637135382796.jpg,54
1637135382805.jpg,53
1637135382814.jpg,53
1637135382821.jpg,52
1637135382829.jpg,52
1637135382837.jpg,51
1637135382846.jpg,51
PicsArt_11-17-04.06.57.jpg,56
PicsArt_11-17-04.07.47.jpg,56
PicsArt_11-17-04.08.37.jpg,57
PicsArt_11-17-04.09.33.jpg,57
PicsArt_11-17-04.12.50.jpg,58
PicsArt_11-17-04.13.22.jpg,58
PicsArt_11-17-04.13.51.jpg,59
PicsArt_11-17-04.14.26.jpg,59
PicsArt_11-17-04.15.00.jpg,60
PicsArt_11-17-04.15.34.jpg,60
PicsArt_11-17-04.16.10.jpg,61
PicsArt_11-17-04.17.06.jpg,61
PicsArt_11-17-04.17.35.jpg,62
PicsArt_11-17-04.18.12.jpg,62
PicsArt_11-17-04.18.54.jpg,63
PicsArt_11-17-04.19.34.jpg,63
PicsArt_11-17-04.20.04.jpg,64
PicsArt_11-17-04.20.33.jpg,64
PicsArt_11-17-04.21.03.jpg,65
PicsArt_11-17-04.21.33.jpg,65
PicsArt_11-17-04.22.03.jpg,66
PicsArt_11-17-04.22.34.jpg,66
PicsArt_11-17-06.48.51.jpg,67
PicsArt_11-17-06.49.54.jpg,67
PicsArt_11-17-06.50.25.jpg,68
PicsArt_11-17-06.50.54.jpg,68
PicsArt_11-17-06.51.25.jpg,69
PicsArt_11-17-06.53.17.jpg,69
PicsArt_11-17-06.53.56.jpg,70
PicsArt_11-17-06.54.40.jpg,70
PicsArt_11-17-06.55.11.jpg,71
PicsArt_11-17-06.55.42.jpg,71
PicsArt_11-17-06.56.16.jpg,72
PicsArt_11-17-06.56.49.jpg,72
PicsArt_11-17-07.00.15.jpg,73
PicsArt_11-17-07.00.51.jpg,73
PicsArt_11-17-07.01.13.jpg,74
PicsArt_11-17-07.01.49.jpg,74
PicsArt_11-17-07.02.20.jpg,75
PicsArt_11-17-07.02.53.jpg,75
PicsArt_11-17-07.03.21.jpg,76
PicsArt_11-17-07.03.55.jpg,76
PicsArt_11-17-07.04.28.jpg,77
PicsArt_11-17-07.05.06.jpg,77
PicsArt_11-17-07.05.37.jpg,78
PicsArt_11-17-07.06.11.jpg,78
PicsArt_11-17-07.06.45.jpg,79
PicsArt_11-17-07.07.13.jpg,79
PicsArt_11-17-07.07.43.jpg,80
PicsArt_11-17-07.08.11.jpg,80
PicsArt_11-17-07.08.59.jpg,81
PicsArt_11-17-09.08.36.jpg,81
PicsArt_11-17-09.09.06.jpg,82
PicsArt_11-17-09.09.44.jpg,82
PicsArt_11-17-09.10.07.jpg,83
PicsArt_11-17-09.10.40.jpg,83
PicsArt_11-17-09.11.07.jpg,84
PicsArt_11-17-09.11.37.jpg,84
PicsArt_11-17-09.12.10.jpg,85
PicsArt_11-17-09.12.45.jpg,85
PicsArt_11-17-09.13.25.jpg,86
PicsArt_11-17-09.13.49.jpg,86
PicsArt_11-17-09.14.17.jpg,87
PicsArt_11-17-09.14.47.jpg,87
PicsArt_11-17-09.16.59.jpg,88
PicsArt_11-17-09.17.31.jpg,88
PicsArt_11-17-09.17.57.jpg,89
PicsArt_11-17-09.18.20.jpg,89
PicsArt_11-17-09.18.50.jpg,90
PicsArt_11-17-09.19.16.jpg,90
PicsArt_11-17-10.10.28.jpg,91
PicsArt_11-17-10.10.54.jpg,91
PicsArt_11-17-10.12.09.jpg,92
PicsArt_11-17-10.12.38.jpg,92
PicsArt_11-17-10.13.07.jpg,93
PicsArt_11-17-10.13.42.jpg,93
PicsArt_11-17-10.14.13.jpg,94
PicsArt_11-17-10.15.26.jpg,94
PicsArt_11-17-10.15.54.jpg,95
PicsArt_11-17-10.16.45.jpg,95
PicsArt_11-17-10.17.10.jpg,96
PicsArt_11-17-10.17.35.jpg,96
PicsArt_11-17-10.18.05.jpg,97
PicsArt_11-17-10.18.30.jpg,97
PicsArt_11-17-10.18.58.jpg,98
PicsArt_11-17-10.19.23.jpg,98
PicsArt_11-17-10.19.49.jpg,99
PicsArt_11-17-10.20.12.jpg,99
